{
  "project_info": {
    "project_number": "445186915975",
    "project_id": "chatapp-34d62",
    "storage_bucket": "chatapp-34d62.appspot.com"
  },
  "client": [
    {
      "client_info": {
        "mobilesdk_app_id": "1:445186915975:android:0746439482f2ce938f0222",
        "android_client_info": {
          "package_name": "com.example.chatapp"
        }
      },
      "oauth_client": [
        {
          "client_id": "445186915975-47p7hpp1toqqufqbat8hgjmslnn03kup.apps.googleusercontent.com",
          "client_type": 3
        }
      ],
      "api_key": [
        {
          "current_key": "AIzaSyA0BZcEguGTf8tHkFcwmtDo3ddcPbZONk8"
        }
      ],
      "services": {
        "appinvite_service": {
          "other_platform_oauth_client": [
            {
              "client_id": "445186915975-47p7hpp1toqqufqbat8hgjmslnn03kup.apps.googleusercontent.com",
              "client_type": 3
            }
          ]
        }
      }
    }
  ],
  "configuration_version": "1"
}